-- Seed data for local/dev environments.

INSERT INTO tenant (uuid, tenant_name) VALUES
  ('11111111-1111-1111-1111-111111111111', 'Acme Retail'),
  ('22222222-2222-2222-2222-222222222222', 'Northwind Traders'),
  ('33333333-3333-3333-3333-333333333333', 'Globex'),
  ('44444444-4444-4444-4444-444444444444', 'Initech') ON CONFLICT (uuid) DO NOTHING;

INSERT INTO customer (uuid, name, tenant_uuid) VALUES
  ('00000000-0000-0000-0000-000000000001', 'Aarav Shah', '11111111-1111-1111-1111-111111111111'),
  ('00000000-0000-0000-0000-000000000002', 'Meera Iyer', '11111111-1111-1111-1111-111111111111'),
  ('00000000-0000-0000-0000-000000000003', 'Rohan Kapoor', '11111111-1111-1111-1111-111111111111'),
  ('00000000-0000-0000-0000-000000000004', 'Nisha Verma', '11111111-1111-1111-1111-111111111111'),
  ('00000000-0000-0000-0000-000000000005', 'Arjun Rao', '11111111-1111-1111-1111-111111111111'),
  ('00000000-0000-0000-0000-000000000006', 'Priya Nair', '11111111-1111-1111-1111-111111111111'),
  ('00000000-0000-0000-0000-000000000007', 'Kabir Singh', '22222222-2222-2222-2222-222222222222'),
  ('00000000-0000-0000-0000-000000000008', 'Sara Ali', '22222222-2222-2222-2222-222222222222'),
  ('00000000-0000-0000-0000-000000000009', 'Vikram Joshi', '22222222-2222-2222-2222-222222222222'),
  ('00000000-0000-0000-0000-00000000000a', 'Ananya Gupta', '22222222-2222-2222-2222-222222222222'),
  ('00000000-0000-0000-0000-00000000000b', 'Ishaan Mehta', '22222222-2222-2222-2222-222222222222'),
  ('00000000-0000-0000-0000-00000000000c', 'Tara Kulkarni', '22222222-2222-2222-2222-222222222222'),
  ('00000000-0000-0000-0000-00000000000d', 'Neel Roy', '33333333-3333-3333-3333-333333333333'),
  ('00000000-0000-0000-0000-00000000000e', 'Diya Das', '33333333-3333-3333-3333-333333333333'),
  ('00000000-0000-0000-0000-00000000000f', 'Advait Bose', '33333333-3333-3333-3333-333333333333'),
  ('00000000-0000-0000-0000-000000000010', 'Ira Sen', '33333333-3333-3333-3333-333333333333'),
  ('00000000-0000-0000-0000-000000000011', 'Manav Jain', '33333333-3333-3333-3333-333333333333'),
  ('00000000-0000-0000-0000-000000000012', 'Rhea Patel', '33333333-3333-3333-3333-333333333333'),
  ('00000000-0000-0000-0000-000000000013', 'Samar Choudhary', '44444444-4444-4444-4444-444444444444'),
  ('00000000-0000-0000-0000-000000000014', 'Leena Bhat', '44444444-4444-4444-4444-444444444444'),
  ('00000000-0000-0000-0000-000000000015', 'Dev Malhotra', '44444444-4444-4444-4444-444444444444'),
  ('00000000-0000-0000-0000-000000000016', 'Anika Rao', '44444444-4444-4444-4444-444444444444'),
  ('00000000-0000-0000-0000-000000000017', 'Zoya Khan', '44444444-4444-4444-4444-444444444444'),
  ('00000000-0000-0000-0000-000000000018', 'Om Prakash', '44444444-4444-4444-4444-444444444444') ON CONFLICT (uuid) DO NOTHING;

INSERT INTO chat (uuid, chat_name) VALUES
  ('10000000-0000-0000-0000-000000000001', 'Customer Onboarding'),
  ('10000000-0000-0000-0000-000000000002', 'Pilot Rollout'),
  ('10000000-0000-0000-0000-000000000003', 'Renewal Q2'),
  ('10000000-0000-0000-0000-000000000004', 'Upsell Pipeline'),
  ('10000000-0000-0000-0000-000000000005', 'Support Escalation'),
  ('10000000-0000-0000-0000-000000000006', 'Partnership Talks'),
  ('10000000-0000-0000-0000-000000000007', 'Pricing Review'),
  ('10000000-0000-0000-0000-000000000008', 'Implementation'),
  ('10000000-0000-0000-0000-000000000009', 'Security Review'),
  ('10000000-0000-0000-0000-00000000000a', 'Roadmap Sync') ON CONFLICT (uuid) DO NOTHING;

INSERT INTO deal (uuid, deal_name, created_by_uuid, chat_uuid) VALUES
  ('20000000-0000-0000-0000-000000000001', 'Acme Starter', '00000000-0000-0000-0000-000000000001', '10000000-0000-0000-0000-000000000001'),
  ('20000000-0000-0000-0000-000000000002', 'Northwind Pilot', '00000000-0000-0000-0000-000000000007', '10000000-0000-0000-0000-000000000002'),
  ('20000000-0000-0000-0000-000000000003', 'Globex Renewal', '00000000-0000-0000-0000-00000000000d', '10000000-0000-0000-0000-000000000003'),
  ('20000000-0000-0000-0000-000000000004', 'Initech Upsell', '00000000-0000-0000-0000-000000000013', '10000000-0000-0000-0000-000000000004'),
  ('20000000-0000-0000-0000-000000000005', 'Acme Support Pro', '00000000-0000-0000-0000-000000000002', '10000000-0000-0000-0000-000000000005'),
  ('20000000-0000-0000-0000-000000000006', 'Globex Partnership', '00000000-0000-0000-0000-00000000000f', '10000000-0000-0000-0000-000000000006'),
  ('20000000-0000-0000-0000-000000000007', 'Northwind Pricing', '00000000-0000-0000-0000-000000000009', '10000000-0000-0000-0000-000000000007'),
  ('20000000-0000-0000-0000-000000000008', 'Initech Implementation', '00000000-0000-0000-0000-000000000015', '10000000-0000-0000-0000-000000000008'),
  ('20000000-0000-0000-0000-000000000009', 'Acme Security', '00000000-0000-0000-0000-000000000004', '10000000-0000-0000-0000-000000000009'),
  ('20000000-0000-0000-0000-00000000000a', 'Globex Roadmap', '00000000-0000-0000-0000-00000000000e', '10000000-0000-0000-0000-00000000000a') ON CONFLICT (uuid) DO NOTHING;

INSERT INTO message (ulid, created_at, created_by_uuid, chat_uuid) VALUES
  ('00000000000000000000000001', '2024-01-05T10:00:00Z', '00000000-0000-0000-0000-000000000001', '10000000-0000-0000-0000-000000000001'),
  ('00000000000000000000000002', '2024-01-05T10:05:00Z', '00000000-0000-0000-0000-000000000002', '10000000-0000-0000-0000-000000000001'),
  ('00000000000000000000000003', '2024-01-05T10:10:00Z', '00000000-0000-0000-0000-000000000003', '10000000-0000-0000-0000-000000000001'),
  ('00000000000000000000000004', '2024-01-05T10:20:00Z', '00000000-0000-0000-0000-000000000004', '10000000-0000-0000-0000-000000000001'),
  ('00000000000000000000000005', '2024-01-06T11:00:00Z', '00000000-0000-0000-0000-000000000007', '10000000-0000-0000-0000-000000000002'),
  ('00000000000000000000000006', '2024-01-06T11:07:00Z', '00000000-0000-0000-0000-000000000008', '10000000-0000-0000-0000-000000000002'),
  ('00000000000000000000000007', '2024-01-06T11:12:00Z', '00000000-0000-0000-0000-000000000009', '10000000-0000-0000-0000-000000000002'),
  ('00000000000000000000000008', '2024-01-06T11:22:00Z', '00000000-0000-0000-0000-00000000000a', '10000000-0000-0000-0000-000000000002'),
  ('00000000000000000000000009', '2024-01-07T09:00:00Z', '00000000-0000-0000-0000-00000000000d', '10000000-0000-0000-0000-000000000003'),
  ('00000000000000000000000010', '2024-01-07T09:04:00Z', '00000000-0000-0000-0000-00000000000e', '10000000-0000-0000-0000-000000000003'),
  ('00000000000000000000000011', '2024-01-07T09:09:00Z', '00000000-0000-0000-0000-00000000000f', '10000000-0000-0000-0000-000000000003'),
  ('00000000000000000000000012', '2024-01-07T09:18:00Z', '00000000-0000-0000-0000-000000000010', '10000000-0000-0000-0000-000000000003'),
  ('00000000000000000000000013', '2024-01-08T14:00:00Z', '00000000-0000-0000-0000-000000000013', '10000000-0000-0000-0000-000000000004'),
  ('00000000000000000000000014', '2024-01-08T14:06:00Z', '00000000-0000-0000-0000-000000000014', '10000000-0000-0000-0000-000000000004'),
  ('00000000000000000000000015', '2024-01-08T14:12:00Z', '00000000-0000-0000-0000-000000000015', '10000000-0000-0000-0000-000000000004'),
  ('00000000000000000000000016', '2024-01-08T14:19:00Z', '00000000-0000-0000-0000-000000000016', '10000000-0000-0000-0000-000000000004'),
  ('00000000000000000000000017', '2024-01-09T13:00:00Z', '00000000-0000-0000-0000-000000000005', '10000000-0000-0000-0000-000000000005'),
  ('00000000000000000000000018', '2024-01-09T13:05:00Z', '00000000-0000-0000-0000-000000000006', '10000000-0000-0000-0000-000000000005'),
  ('00000000000000000000000019', '2024-01-09T13:11:00Z', '00000000-0000-0000-0000-000000000001', '10000000-0000-0000-0000-000000000005'),
  ('00000000000000000000000020', '2024-01-09T13:18:00Z', '00000000-0000-0000-0000-000000000002', '10000000-0000-0000-0000-000000000005'),
  ('00000000000000000000000021', '2024-01-10T16:00:00Z', '00000000-0000-0000-0000-00000000000f', '10000000-0000-0000-0000-000000000006'),
  ('00000000000000000000000022', '2024-01-10T16:08:00Z', '00000000-0000-0000-0000-000000000011', '10000000-0000-0000-0000-000000000006'),
  ('00000000000000000000000023', '2024-01-10T16:15:00Z', '00000000-0000-0000-0000-000000000012', '10000000-0000-0000-0000-000000000006'),
  ('00000000000000000000000024', '2024-01-10T16:21:00Z', '00000000-0000-0000-0000-00000000000d', '10000000-0000-0000-0000-000000000006'),
  ('00000000000000000000000025', '2024-01-11T10:30:00Z', '00000000-0000-0000-0000-000000000009', '10000000-0000-0000-0000-000000000007'),
  ('00000000000000000000000026', '2024-01-11T10:36:00Z', '00000000-0000-0000-0000-00000000000b', '10000000-0000-0000-0000-000000000007'),
  ('00000000000000000000000027', '2024-01-11T10:41:00Z', '00000000-0000-0000-0000-00000000000c', '10000000-0000-0000-0000-000000000007'),
  ('00000000000000000000000028', '2024-01-11T10:49:00Z', '00000000-0000-0000-0000-000000000007', '10000000-0000-0000-0000-000000000007'),
  ('00000000000000000000000029', '2024-01-12T12:00:00Z', '00000000-0000-0000-0000-000000000015', '10000000-0000-0000-0000-000000000008'),
  ('00000000000000000000000030', '2024-01-12T12:05:00Z', '00000000-0000-0000-0000-000000000017', '10000000-0000-0000-0000-000000000008'),
  ('00000000000000000000000031', '2024-01-12T12:12:00Z', '00000000-0000-0000-0000-000000000018', '10000000-0000-0000-0000-000000000008'),
  ('00000000000000000000000032', '2024-01-12T12:18:00Z', '00000000-0000-0000-0000-000000000013', '10000000-0000-0000-0000-000000000008'),
  ('00000000000000000000000033', '2024-01-13T09:20:00Z', '00000000-0000-0000-0000-000000000003', '10000000-0000-0000-0000-000000000009'),
  ('00000000000000000000000034', '2024-01-13T09:25:00Z', '00000000-0000-0000-0000-000000000004', '10000000-0000-0000-0000-000000000009'),
  ('00000000000000000000000035', '2024-01-13T09:31:00Z', '00000000-0000-0000-0000-000000000005', '10000000-0000-0000-0000-000000000009'),
  ('00000000000000000000000036', '2024-01-13T09:40:00Z', '00000000-0000-0000-0000-000000000006', '10000000-0000-0000-0000-000000000009'),
  ('00000000000000000000000037', '2024-01-14T15:00:00Z', '00000000-0000-0000-0000-00000000000e', '10000000-0000-0000-0000-00000000000a'),
  ('00000000000000000000000038', '2024-01-14T15:06:00Z', '00000000-0000-0000-0000-000000000010', '10000000-0000-0000-0000-00000000000a'),
  ('00000000000000000000000039', '2024-01-14T15:12:00Z', '00000000-0000-0000-0000-000000000012', '10000000-0000-0000-0000-00000000000a'),
  ('00000000000000000000000040', '2024-01-14T15:19:00Z', '00000000-0000-0000-0000-000000000011', '10000000-0000-0000-0000-00000000000a') ON CONFLICT (ulid) DO NOTHING;
